sample,reading_set,simulated_nodes,real_nodes,exec_time
0,0,35,2,1.6392393999994965
0,1,28,9,0.059638699998686207
0,2,36,1,0.05770289999964007
0,3,33,4,0.05648540000038338
0,4,32,5,0.05836730000009993
0,5,23,14,0.11520820000077947
0,6,27,10,0.05773800000133633
0,7,30,7,0.06167219999952067
0,8,25,12,0.05536560000109603
0,9,23,14,0.05627780000031635
0,10,29,8,0.056989600001543295
0,11,34,3,0.05878209999900719
0,12,29,8,0.058781400000953
0,13,31,6,0.07697569999982079
0,14,36,1,0.056360499998845626
0,15,29,8,0.054243200000200886
0,16,36,1,0.0558348999984446
0,17,34,3,0.05726110000068729
0,18,35,2,0.05983059999925899
0,19,24,13,0.05664520000027551
0,20,25,12,0.057256000000052154
0,21,22,15,0.058252499999071006
0,22,21,16,0.058005700000649085
0,23,24,13,0.05960799999957089
0,24,32,5,0.05786690000059025
0,25,28,9,0.05758919999971113
0,26,32,5,0.05946099999891885
0,27,22,15,0.05832209999971383
0,28,24,13,0.05836340000132623
0,29,31,6,0.05838129999938246
0,30,36,1,0.061700500000370084
0,31,34,3,0.06650900000022375
0,32,25,12,0.06419789999927161
0,33,21,16,0.057543700000678655
0,34,34,3,0.05846209999981511
0,35,35,2,0.06794199999967532
0,36,21,16,0.0669158000000607
0,37,24,13,0.057877600000210805
0,38,28,9,0.05954050000036659
0,39,24,13,0.0573882999997295
0,40,31,6,0.05706299999837938
0,41,30,7,0.05620950000047742
0,42,24,13,0.059602499999527936
0,43,27,10,0.0574216000004526
0,44,25,12,0.060217500000362634
0,45,23,14,0.05885399999897345
0,46,34,3,0.056403900000077556
0,47,36,1,0.05753249999906984
0,48,31,6,0.0587855000012496
0,49,30,7,0.058506999999735854
0,50,22,15,0.06191729999954987
0,51,24,13,0.06052520000048389
0,52,25,12,0.05521090000002005
0,53,30,7,0.060154400000101305
0,54,30,7,0.0581263999993098
0,55,32,5,0.05883170000015525
0,56,21,16,0.06190170000081707
0,57,25,12,0.056992100000570645
0,58,26,11,0.05821219999961613
0,59,23,14,0.058010599999761325
0,60,36,1,0.06059189999905357
0,61,33,4,0.05766559999938181
0,62,29,8,0.06593470000007073
0,63,28,9,0.055937000000994885
0,64,27,10,0.06192639999972016
0,65,33,4,0.060074600000007194
0,66,27,10,0.05994210000062594
0,67,21,16,0.06451540000125533
0,68,25,12,0.0673212000001513
0,69,22,15,0.05778679999821179
0,70,32,5,0.05624510000052396
0,71,24,13,0.056338700000196695
0,72,33,4,0.0556907999998657
0,73,25,12,0.06064130000049772
0,74,24,13,0.05886029999965103
0,75,23,14,0.0578272000002471
0,76,25,12,0.05888700000105018
0,77,35,2,0.05744080000113172
0,78,21,16,0.05748179999864078
0,79,35,2,0.0589440999992803
0,80,21,16,0.05894520000038028
0,81,30,7,0.05809679999947548
0,82,29,8,0.05900560000009136
0,83,25,12,0.05927309999970021
0,84,31,6,0.05977640000128304
0,85,29,8,0.05870080000022426
0,86,34,3,0.057376700000531855
0,87,33,4,0.06287450000127137
0,88,30,7,0.05724000000009255
0,89,32,5,0.05840709999938554
0,90,33,4,0.05798589999903925
0,91,29,8,0.05935249999856751
0,92,31,6,0.06013600000005681
0,93,26,11,0.05806930000107968
0,94,35,2,0.05930160000025353
0,95,27,10,0.05895839999902819
0,96,25,12,0.05934069999966596
0,97,23,14,0.0564580999998725
0,98,23,14,0.05989349999981641
0,99,27,10,0.05813940000007278
1,0,21,16,0.0699547000003804
1,1,25,12,0.05593650000082562
1,2,34,3,0.060488300001452444
1,3,30,7,0.0635416000004625
1,4,24,13,0.06163920000108192
1,5,29,8,0.06015819999993255
1,6,32,5,0.062019499999223626
1,7,34,3,0.05944629999976314
1,8,21,16,0.0591774999993504
1,9,36,1,0.05921159999888914
1,10,30,7,0.056847099998776685
1,11,27,10,0.05650149999928544
1,12,25,12,0.05686339999920165
1,13,26,11,0.05821349999860104
1,14,35,2,0.05772819999947387
1,15,26,11,0.05900689999907627
1,16,36,1,0.05968829999983427
1,17,34,3,0.05800269999963348
1,18,24,13,0.06145220000144036
1,19,27,10,0.05700830000023416
1,20,28,9,0.05803430000014487
1,21,23,14,0.05744839999897522
1,22,25,12,0.059987599999658414
1,23,24,13,0.0565801000011561
1,24,22,15,0.0686015999999654
1,25,32,5,0.06141380000008212
1,26,31,6,0.06279539999923145
1,27,24,13,0.059646200001225225
1,28,33,4,0.056817599999703816
1,29,32,5,0.05731670000022859
1,30,26,11,0.05883519999952114
1,31,22,15,0.05805099999997765
1,32,32,5,0.05905510000047798
1,33,29,8,0.05441200000132085
1,34,30,7,0.05917589999990014
1,35,29,8,0.05847180000091612
1,36,28,9,0.056817500000761356
1,37,31,6,0.05784479999965697
1,38,29,8,0.05859680000139633
1,39,21,16,0.05765610000162269
1,40,29,8,0.05730819999917003
1,41,22,15,0.05841280000095139
1,42,28,9,0.0563707000001159
1,43,21,16,0.05990700000074867
1,44,35,2,0.06075050000072224
1,45,27,10,0.056256399999256246
1,46,21,16,0.05830689999856986
1,47,24,13,0.05596979999972973
1,48,23,14,0.054216599999563186
1,49,29,8,0.05717740000000049
1,50,22,15,0.05787810000038007
1,51,30,7,0.057441700000708806
1,52,33,4,0.05720070000097621
1,53,26,11,0.05832949999967241
1,54,23,14,0.056474499999239924
1,55,31,6,0.05945410000094853
1,56,36,1,0.05485989999942831
1,57,35,2,0.05610230000092997
1,58,25,12,0.05769519999921613
1,59,23,14,0.06202579999990121
1,60,35,2,0.058286399998905836
1,61,32,5,0.056856600000173785
1,62,29,8,0.06044560000009369
1,63,23,14,0.06260229999861622
1,64,22,15,0.0569854999994277
1,65,24,13,0.05771740000091086
1,66,21,16,0.05785769999965851
1,67,24,13,0.05886399999872083
1,68,26,11,0.0580604000006133
1,69,25,12,0.05926729999919189
1,70,27,10,0.05902140000034706
1,71,23,14,0.05859090000012657
1,72,36,1,0.060108100000434206
1,73,25,12,0.05823179999970307
1,74,33,4,0.0576798999991297
1,75,24,13,0.055932200000825105
1,76,21,16,0.07370189999892318
1,77,21,16,0.0620281999999861
1,78,24,13,0.05556150000120397
1,79,26,11,0.056684600000153296
1,80,24,13,0.05985590000091179
1,81,33,4,0.06606930000089051
1,82,34,3,0.05961050000041723
1,83,33,4,0.058035199999721954
1,84,23,14,0.057696199999554665
1,85,23,14,0.060272600001553656
1,86,21,16,0.05894380000063393
1,87,25,12,0.060212000000319676
1,88,36,1,0.05931299999974726
1,89,25,12,0.05763169999954698
1,90,22,15,0.057918599999538856
1,91,29,8,0.05855060000067169
1,92,22,15,0.057013800000277115
1,93,36,1,0.06171629999880679
1,94,26,11,0.05933709999953862
1,95,34,3,0.059223000000201864
1,96,35,2,0.05904759999975795
1,97,33,4,0.0609809999987192
1,98,28,9,0.06078189999971073
1,99,26,11,0.06650689999878523
2,0,32,5,0.05936429999928805
2,1,26,11,0.05817360000037297
2,2,27,10,0.06080560000009427
2,3,24,13,0.060821999999461696
2,4,33,4,0.07899519999955373
2,5,31,6,0.05413600000065344
2,6,31,6,0.05647080000017013
2,7,25,12,0.056839599999875645
2,8,30,7,0.05685610000000452
2,9,23,14,0.057749399999011075
2,10,21,16,0.06162339999900723
2,11,33,4,0.06149350000123377
2,12,21,16,0.06316479999986768
2,13,24,13,0.05943010000009963
2,14,35,2,0.05560460000015155
2,15,24,13,0.0606446000001597
2,16,28,9,0.05804990000069665
2,17,29,8,0.06102810000083991
2,18,26,11,0.0635297000007995
2,19,33,4,0.05726890000005369
2,20,23,14,0.06077970000114874
2,21,34,3,0.055978099999265396
2,22,35,2,0.0590014000008523
2,23,35,2,0.0596836999993684
2,24,27,10,0.058755699999892386
2,25,31,6,0.05672489999960817
2,26,36,1,0.05904740000005404
2,27,22,15,0.06048419999933685
2,28,30,7,0.05978479999976116
2,29,32,5,0.05593770000086806
2,30,25,12,0.05685219999941182
2,31,36,1,0.057391199999983655
2,32,30,7,0.059609699999782606
2,33,27,10,0.05800520000047982
2,34,30,7,0.056319600000279024
2,35,34,3,0.05685850000008941
2,36,34,3,0.06339550000120653
2,37,31,6,0.05762219999996887
2,38,35,2,0.05445099999997183
2,39,36,1,0.05569439999999304
2,40,30,7,0.05810800000108429
2,41,24,13,0.0574135999995633
2,42,21,16,0.060601799999858486
2,43,25,12,0.06011889999899722
2,44,24,13,0.05933740000000398
2,45,29,8,0.05951849999837577
2,46,34,3,0.05682350000097358
2,47,29,8,0.056839599999875645
2,48,28,9,0.06329360000017914
2,49,31,6,0.06190020000030927
2,50,35,2,0.05710019999969518
2,51,26,11,0.05693479999899864
2,52,25,12,0.06414760000006936
2,53,31,6,0.06564950000029057
2,54,32,5,0.05781100000058359
2,55,21,16,0.06393199999911303
2,56,27,10,0.05916429999888351
2,57,36,1,0.0568091999994067
2,58,21,16,0.06039310000051046
2,59,32,5,0.055801999998948304
2,60,30,7,0.056186200001320685
2,61,25,12,0.05932570000004489
2,62,23,14,0.057833799999571056
2,63,29,8,0.05651100000068254
2,64,26,11,0.05621130000145058
2,65,32,5,0.058005699998830096
2,66,36,1,0.05691269999988435
2,67,30,7,0.05879900000036287
2,68,32,5,0.0572189000013168
2,69,26,11,0.05924049999885028
2,70,29,8,0.05567789999986417
2,71,35,2,0.060354899998856126
2,72,26,11,0.0586193999988609
2,73,32,5,0.05836559999988822
2,74,36,1,0.06036140000105661
2,75,31,6,0.058903600000121514
2,76,24,13,0.05827039999894623
2,77,30,7,0.057640600000013364
2,78,27,10,0.06386989999919024
2,79,34,3,0.0556510000005801
2,80,33,4,0.06049920000077691
2,81,23,14,0.058494699998846045
2,82,35,2,0.06162479999875359
2,83,30,7,0.06330509999861533
2,84,21,16,0.06284210000012536
2,85,35,2,0.057909099999960745
2,86,33,4,0.05632060000061756
2,87,34,3,0.059271400001307484
2,88,22,15,0.05767310000010184
2,89,28,9,0.057913700000426616
2,90,31,6,0.056943800000226474
2,91,33,4,0.05795309999848541
2,92,25,12,0.058494200000495766
2,93,22,15,0.06277210000007472
2,94,30,7,0.059258700001009856
2,95,21,16,0.062865599998986
2,96,22,15,0.05601360000036948
2,97,21,16,0.056854200000088895
2,98,31,6,0.058762800001204596
2,99,22,15,0.0572013999990304
3,0,35,2,0.06026490000112972
3,1,21,16,0.05655099999967206
3,2,23,14,0.05776779999905557
3,3,33,4,0.05723680000119202
3,4,29,8,0.05592889999934414
3,5,34,3,0.05749430000105349
3,6,24,13,0.05590660000052594
3,7,26,11,0.057313799999974435
3,8,28,9,0.056735400001343805
3,9,34,3,0.05866439999954309
3,10,26,11,0.05739680000078806
3,11,34,3,0.05600109999977576
3,12,29,8,0.06229650000022957
3,13,28,9,0.05960349999986647
3,14,29,8,0.05902269999933196
3,15,28,9,0.05873040000005858
3,16,29,8,0.06249190000016824
3,17,35,2,0.06817989999944984
3,18,25,12,0.058143899999777204
3,19,25,12,0.05806520000078308
3,20,32,5,0.06082559999958903
3,21,35,2,0.060112900000603986
3,22,26,11,0.06025880000015604
3,23,30,7,0.0579171999997925
3,24,31,6,0.05902539999988221
3,25,32,5,0.05685369999991963
3,26,21,16,0.05799740000111342
3,27,35,2,0.056039500001134
3,28,29,8,0.0551179999984015
3,29,23,14,0.05872789999921224
3,30,34,3,0.06684130000030564
3,31,26,11,0.058675899999798276
3,32,23,14,0.05888699999923119
3,33,25,12,0.06006619999971008
3,34,27,10,0.06305199999951583
3,35,28,9,0.059162499999729334
3,36,27,10,0.05815380000058212
3,37,36,1,0.05795799999941664
3,38,35,2,0.05729059999976016
3,39,34,3,0.0567735000004177
3,40,30,7,0.058022999999593594
3,41,22,15,0.060350300000209245
3,42,25,12,0.056745199999568285
3,43,30,7,0.05485360000056971
3,44,36,1,0.055927600000359234
3,45,32,5,0.05565459999888844
3,46,32,5,0.057974199999080156
3,47,22,15,0.06059380000078818
3,48,23,14,0.05848059999880206
3,49,24,13,0.06503569999949832
3,50,23,14,0.056965200001286576
3,51,36,1,0.056835199999113684
3,52,32,5,0.05697180000061053
3,53,22,15,0.05727409999963129
3,54,25,12,0.05730260000018461
3,55,36,1,0.0571150999985548
3,56,29,8,0.059779000001071836
3,57,32,5,0.06108250000033877
3,58,24,13,0.06076529999882041
3,59,29,8,0.05676850000054401
3,60,34,3,0.05809359999875596
3,61,27,10,0.058305500000642496
3,62,30,7,0.055064000000129454
3,63,24,13,0.05791499999941152
3,64,34,3,0.06099949999952514
3,65,24,13,0.056179000001066015
3,66,25,12,0.05803849999938393
3,67,30,7,0.05873750000137079
3,68,33,4,0.061492200000429875
3,69,23,14,0.059600500000669854
3,70,35,2,0.056546899999375455
3,71,34,3,0.056276100000104634
3,72,29,8,0.05941929999971762
3,73,27,10,0.057887300001311814
3,74,31,6,0.05790960000013001
3,75,30,7,0.057550699999410426
3,76,28,9,0.057256000000052154
3,77,32,5,0.05957189999935508
3,78,26,11,0.05789050000021234
3,79,30,7,0.058097300001463736
3,80,21,16,0.06889959999898565
3,81,21,16,0.0611841000009008
3,82,22,15,0.057449699999779114
3,83,27,10,0.05784289999974135
3,84,21,16,0.0565839999999298
3,85,25,12,0.05879110000023502
3,86,21,16,0.057538999999451335
3,87,35,2,0.0624244999999064
3,88,32,5,0.054134300000441726
3,89,25,12,0.05788430000029621
3,90,34,3,0.05688439999903494
3,91,21,16,0.058140999999523046
3,92,25,12,0.05894350000016857
3,93,35,2,0.062092500000289874
3,94,22,15,0.06496599999991304
3,95,22,15,0.05743550000079267
3,96,35,2,0.056206000001111533
3,97,25,12,0.05832679999912216
3,98,21,16,0.06111179999970773
3,99,29,8,0.05776809999952093
4,0,21,16,0.05766159999984666
4,1,29,8,0.054337600000508246
4,2,32,5,0.058596199998646625
4,3,26,11,0.057393400000364636
4,4,27,10,0.05841850000069826
4,5,26,11,0.055714399999487796
4,6,33,4,0.06209429999944405
4,7,34,3,0.057889300000169897
4,8,26,11,0.0573287999995955
4,9,35,2,0.05938799999967159
4,10,26,11,0.058523599998807185
4,11,24,13,0.05644819999906758
4,12,24,13,0.058661200000642566
4,13,29,8,0.05581039999924542
4,14,34,3,0.058380899999974645
4,15,34,3,0.058898400000543916
4,16,36,1,0.05759299999954237
4,17,29,8,0.06025010000121256
4,18,31,6,0.05956599999990431
4,19,34,3,0.0616967999994813
4,20,23,14,0.05853469999965455
4,21,30,7,0.05719849999877624
4,22,22,15,0.05859979999877396
4,23,34,3,0.054531199999473756
4,24,21,16,0.057557899999665096
4,25,33,4,0.0673305000000255
4,26,22,15,0.06083750000107102
4,27,31,6,0.0610145000009652
4,28,29,8,0.06291529999907652
4,29,35,2,0.06135130000075151
4,30,30,7,0.05950389999998151
4,31,30,7,0.05751299999974435
4,32,22,15,0.0571909999998752
4,33,24,13,0.05936209999890707
4,34,23,14,0.05884730000070704
4,35,27,10,0.0618493000001763
4,36,29,8,0.05996760000016366
4,37,25,12,0.06293749999895226
4,38,32,5,0.06206949999977951
4,39,36,1,0.06036660000063421
4,40,23,14,0.060395900000003166
4,41,35,2,0.061397500001476146
4,42,33,4,0.06257120000009309
4,43,22,15,0.0759805999987293
4,44,21,16,0.05936629999996512
4,45,29,8,0.054144799998539384
4,46,26,11,0.05646540000088862
4,47,27,10,0.0576152000012371
4,48,21,16,0.05929450000076031
4,49,23,14,0.059781599999041646
4,50,30,7,0.05850359999931243
4,51,22,15,0.0634687000001577
4,52,34,3,0.058712100000775536
4,53,35,2,0.05965190000097209
4,54,27,10,0.05977010000060545
4,55,22,15,0.08288079999874753
4,56,33,4,0.06043200000021898
4,57,33,4,0.05917090000002645
4,58,31,6,0.06195879999904719
4,59,32,5,0.06242329999986396
4,60,29,8,0.05869709999933548
4,61,23,14,0.06450199999926554
4,62,26,11,0.06389470000067377
4,63,23,14,0.05883130000074743
4,64,36,1,0.06144529999983206
4,65,27,10,0.06407620000027237
4,66,26,11,0.059024700000009034
4,67,33,4,0.060241399998631096
4,68,23,14,0.059798899999805144
4,69,26,11,0.061533799998869654
4,70,22,15,0.061760700000377255
4,71,25,12,0.05983130000095116
4,72,30,7,0.056929300000774674
4,73,25,12,0.05966679999983171
4,74,27,10,0.059997300000759424
4,75,35,2,0.06326649999937217
4,76,36,1,0.05996410000079777
4,77,24,13,0.061153200000262586
4,78,21,16,0.0558485000001383
4,79,32,5,0.06224350000047707
4,80,25,12,0.062029000000620726
4,81,27,10,0.05894879999868863
4,82,32,5,0.060907099999894854
4,83,27,10,0.05762670000149228
4,84,28,9,0.06017910000082338
4,85,28,9,0.05940339999870048
4,86,26,11,0.0594533000003139
4,87,31,6,0.05787579999923764
4,88,28,9,0.05995000000075379
4,89,26,11,0.055929999998625135
4,90,28,9,0.05736849999993865
4,91,32,5,0.05932259999826783
4,92,31,6,0.06118210000022373
4,93,33,4,0.05921940000007453
4,94,36,1,0.05683540000063658
4,95,27,10,0.05596239999977115
4,96,22,15,0.05801470000005793
4,97,23,14,0.05965640000067651
4,98,35,2,0.06184660000144504
4,99,28,9,0.0611057999994955
5,0,23,14,0.06574019999970915
5,1,28,9,0.06235439999909431
5,2,36,1,0.060473499999716296
5,3,32,5,0.06210610000016459
5,4,28,9,0.06195720000141591
5,5,36,1,0.07132989999990968
5,6,22,15,0.05847210000138148
5,7,34,3,0.05848800000057963
5,8,33,4,0.06332690000090224
5,9,26,11,0.06301200000052631
5,10,35,2,0.06139710000024934
5,11,29,8,0.057113299999400624
5,12,25,12,0.06420940000134578
5,13,22,15,0.06121820000043954
5,14,29,8,0.06055759999981092
5,15,21,16,0.06454819999999017
5,16,36,1,0.06587530000069819
5,17,25,12,0.06164519999947515
5,18,28,9,0.06266840000171214
5,19,36,1,0.05978829999912705
5,20,36,1,0.058956699998816475
5,21,26,11,0.05799519999891345
5,22,35,2,0.059808699999848614
5,23,29,8,0.06143809999957739
5,24,26,11,0.05911530000048515
5,25,24,13,0.05851350000011735
5,26,27,10,0.06030579999969632
5,27,26,11,0.05979329999900074
5,28,30,7,0.05848300000070594
5,29,22,15,0.05851740000071004
5,30,33,4,0.055922999999893364
5,31,23,14,0.06021179999879678
5,32,26,11,0.059254199999486445
5,33,23,14,0.060127599999759695
5,34,24,13,0.06763449999925797
5,35,35,2,0.06682960000034655
5,36,32,5,0.06007529999988037
5,37,36,1,0.056776400000671856
5,38,23,14,0.056442900000547525
5,39,36,1,0.05816740000045684
5,40,29,8,0.06549580000137212
5,41,25,12,0.058927499998389976
5,42,35,2,0.05991630000062287
5,43,30,7,0.05993350000062492
5,44,32,5,0.058557599999403465
5,45,32,5,0.06099770000037097
5,46,30,7,0.05829059999996389
5,47,31,6,0.05942210000102932
5,48,34,3,0.059948399999484536
5,49,29,8,0.06325579999975162
5,50,25,12,0.06116850000034901
5,51,23,14,0.06171059999905992
5,52,29,8,0.06388280000101076
5,53,28,9,0.06544510000094306
5,54,34,3,0.059295699998983764
5,55,30,7,0.060362700000041514
5,56,31,6,0.06064119999973627
5,57,25,12,0.05832949999967241
5,58,23,14,0.06060989999969024
5,59,33,4,0.06347670000104699
5,60,32,5,0.06070039999940491
5,61,23,14,0.059951400000500144
5,62,31,6,0.06029429999944114
5,63,27,10,0.0574534000006679
5,64,32,5,0.05786619999889808
5,65,25,12,0.0636439000008977
5,66,31,6,0.05930120000084571
5,67,29,8,0.05978250000043772
5,68,32,5,0.060505100000227685
5,69,36,1,0.05927519999931974
5,70,32,5,0.06503820000034466
5,71,31,6,0.06301610000082292
5,72,31,6,0.058678700001109974
5,73,28,9,0.058743600000525475
5,74,31,6,0.06289800000013201
5,75,21,16,0.06095819999973173
5,76,21,16,0.07020430000011402
5,77,22,15,0.05592139999862411
5,78,34,3,0.06187649999992573
5,79,23,14,0.05873699999938253
5,80,34,3,0.05946849999963888
5,81,22,15,0.06048259999988659
5,82,28,9,0.058707300000605755
5,83,29,8,0.06150849999903585
5,84,23,14,0.05968860000029963
5,85,32,5,0.05792039999869303
5,86,31,6,0.05785190000096918
5,87,21,16,0.05887090000032913
5,88,36,1,0.061380899998766836
5,89,25,12,0.06474519999937911
5,90,21,16,0.06102109999847016
5,91,22,15,0.05989880000015546
5,92,24,13,0.06009070000072825
5,93,24,13,0.05688519999966957
5,94,28,9,0.05888009999944188
5,95,22,15,0.05958389999977953
5,96,32,5,0.06083729999954812
5,97,35,2,0.05703910000011092
5,98,32,5,0.060144500001115375
5,99,36,1,0.061059599998770864
6,0,25,12,0.06232509999972535
6,1,30,7,0.06015729999853647
6,2,21,16,0.05969369999911578
6,3,26,11,0.061078599999746075
6,4,34,3,0.0604150999988633
6,5,34,3,0.06284119999872928
6,6,34,3,0.06334590000005846
6,7,30,7,0.06403209999916726
6,8,34,3,0.06491679999999178
6,9,23,14,0.05933290000029956
6,10,26,11,0.058482499998717685
6,11,21,16,0.062281300000904594
6,12,31,6,0.06113860000004934
6,13,22,15,0.05785869999999704
6,14,28,9,0.06194909999976517
6,15,22,15,0.05839940000078059
6,16,28,9,0.05941030000030878
6,17,26,11,0.060004099999787286
6,18,29,8,0.060277499998846906
6,19,29,8,0.05855389999851468
6,20,26,11,0.058206300000165356
6,21,28,9,0.06002489999991667
6,22,25,12,0.06062980000024254
6,23,23,14,0.06097599999884551
6,24,21,16,0.05839000000014494
6,25,30,7,0.06190930000047956
6,26,28,9,0.061705500000243774
6,27,31,6,0.06605279999894265
6,28,27,10,0.06158759999925678
6,29,26,11,0.0603170999984286
6,30,34,3,0.05943950000073528
6,31,36,1,0.058279400000174064
6,32,23,14,0.0624033000003692
6,33,35,2,0.0613749000003736
6,34,36,1,0.06188309999924968
6,35,31,6,0.06315300000096613
6,36,33,4,0.060497900001792004
6,37,25,12,0.059956399998554843
6,38,32,5,0.06132339999930991
6,39,31,6,0.06076100000063889
6,40,22,15,0.06355249999978696
6,41,23,14,0.06039489999966463
6,42,35,2,0.05797119999988354
6,43,31,6,0.061134599998695194
6,44,23,14,0.065194300001167
6,45,35,2,0.05913739999959944
6,46,29,8,0.059505900000658585
6,47,30,7,0.07131740000113496
6,48,31,6,0.05803809999997611
6,49,22,15,0.05903209999996761
6,50,21,16,0.05948019999959797
6,51,23,14,0.05999110000084329
6,52,25,12,0.06004380000013043
6,53,34,3,0.0619341000001441
6,54,22,15,0.05853469999965455
6,55,24,13,0.06022119999943243
6,56,34,3,0.06073309999919729
6,57,28,9,0.05996719999893685
6,58,22,15,0.05804259999968053
6,59,25,12,0.057691399999384885
6,60,33,4,0.05994000000100641
6,61,29,8,0.06422440000096685
6,62,23,14,0.06586710000010498
6,63,32,5,0.05925530000058643
6,64,23,14,0.06029400000079477
6,65,35,2,0.0607294000001275
6,66,34,3,0.061538399999335525
6,67,23,14,0.06210040000041772
6,68,29,8,0.05908909999925527
6,69,25,12,0.06139960000109568
6,70,27,10,0.05920870000045397
6,71,23,14,0.05654270000013639
6,72,23,14,0.05968179999945278
6,73,22,15,0.06366260000140755
6,74,35,2,0.06577720000132103
6,75,25,12,0.0599913000005472
6,76,26,11,0.05796410000039032
6,77,35,2,0.06282019999889599
6,78,35,2,0.05898730000080832
6,79,30,7,0.05821830000058981
6,80,28,9,0.05963020000126562
6,81,34,3,0.06417919999876176
6,82,36,1,0.06177369999932125
6,83,32,5,0.06325079999987793
6,84,21,16,0.06065090000083728
6,85,34,3,0.05824930000017048
6,86,32,5,0.0589295999998285
6,87,30,7,0.058460600001126295
6,88,28,9,0.059518099998967955
6,89,30,7,0.06258410000009462
6,90,30,7,0.06016799999997602
6,91,26,11,0.060483699999167584
6,92,36,1,0.060035999998945044
6,93,23,14,0.06120119999832241
6,94,21,16,0.060069799999837414
6,95,34,3,0.06093759999930626
6,96,24,13,0.05894389999957639
6,97,25,12,0.06044339999971271
6,98,24,13,0.06111929999860877
6,99,21,16,0.06490310000117461
7,0,28,9,0.062048400001003756
7,1,24,13,0.06038970000008703
7,2,34,3,0.0596069000002899
7,3,26,11,0.059757299999546376
7,4,35,2,0.0591844000009587
7,5,33,4,0.05839439999908791
7,6,35,2,0.06071460000021034
7,7,24,13,0.0848669000006339
7,8,27,10,0.06745630000114033
7,9,24,13,0.05800050000107149
7,10,33,4,0.06170329999986279
7,11,24,13,0.06062689999998838
7,12,24,13,0.057848700000249664
7,13,22,15,0.0602472000009584
7,14,31,6,0.06019749999904889
7,15,21,16,0.06140600000071572
7,16,28,9,0.06383239999922807
7,17,30,7,0.061751199998980155
7,18,23,14,0.06046349999996892
7,19,26,11,0.06119320000107109
7,20,24,13,0.06059859999913897
7,21,32,5,0.0600269999995362
7,22,26,11,0.06120480000026873
7,23,32,5,0.06738779999977851
7,24,21,16,0.06443299999955343
7,25,25,12,0.06040509999911592
7,26,27,10,0.06202080000002752
7,27,31,6,0.05872830000043905
7,28,23,14,0.05721340000127384
7,29,28,9,0.05796800000098301
7,30,34,3,0.06185920000098122
7,31,24,13,0.0641087999993033
7,32,29,8,0.05989410000074713
7,33,35,2,0.05980670000099053
7,34,23,14,0.06344689999968978
7,35,22,15,0.058368800000607735
7,36,21,16,0.059162699999433244
7,37,24,13,0.05982119999862334
7,38,35,2,0.06259569999929226
7,39,30,7,0.059525499998926534
7,40,22,15,0.061487300001317635
7,41,25,12,0.062469599999531056
7,42,30,7,0.06252930000118795
7,43,36,1,0.05853709999973944
7,44,34,3,0.06102620000092429
7,45,31,6,0.061644900000828784
7,46,23,14,0.05697440000039933
7,47,34,3,0.05997410000054515
7,48,32,5,0.06100479999986419
7,49,26,11,0.05951600000116741
7,50,31,6,0.060137599999507074
7,51,29,8,0.056573699999717064
7,52,34,3,0.06144689999928232
7,53,25,12,0.05954620000011346
7,54,36,1,0.05956770000011602
7,55,30,7,0.061850699999922654
7,56,35,2,0.059757600000011735
7,57,22,15,0.06383099999948172
7,58,31,6,0.058896000000459026
7,59,34,3,0.060159499998917454
7,60,31,6,0.059300100001564715
7,61,33,4,0.05900629999996454
7,62,24,13,0.060979300000326475
7,63,36,1,0.05971540000064124
7,64,35,2,0.05759500000021944
7,65,28,9,0.05889709999974002
7,66,23,14,0.06083559999933641
7,67,32,5,0.0626140000003943
7,68,24,13,0.06128480000006675
7,69,23,14,0.059559000001172535
7,70,24,13,0.06271990000095684
7,71,26,11,0.059953100000711856
7,72,29,8,0.06949019999956363
7,73,25,12,0.05657699999937904
7,74,28,9,0.05955149999863352
7,75,25,12,0.060466499999165535
7,76,27,10,0.06066049999935785
7,77,29,8,0.06385910000062722
7,78,25,12,0.059578100001090206
7,79,28,9,0.06073619999915536
7,80,22,15,0.06450059999951918
7,81,23,14,0.06485909999901196
7,82,35,2,0.06146019999869168
7,83,36,1,0.05943480000132695
7,84,28,9,0.061213700000735116
7,85,22,15,0.06006650000017544
7,86,28,9,0.06166519999896991
7,87,27,10,0.060154200000397395
7,88,26,11,0.061785399999280344
7,89,31,6,0.06670909999957075
7,90,26,11,0.057831699999951525
7,91,34,3,0.06350120000024617
7,92,23,14,0.062277199998789
7,93,33,4,0.06052590000035707
7,94,23,14,0.06136499999956868
7,95,33,4,0.058402800001204014
7,96,27,10,0.06303420000040205
7,97,21,16,0.06011769999895478
7,98,33,4,0.06153309999899648
7,99,36,1,0.05990840000049502
8,0,24,13,0.05880599999909464
8,1,21,16,0.06074110000008659
8,2,35,2,0.06275280000045313
8,3,22,15,0.062380200000916375
8,4,27,10,0.06006080000042857
8,5,32,5,0.0609760000006645
8,6,24,13,0.06689120000010007
8,7,26,11,0.06558749999931024
8,8,31,6,0.06168959999922663
8,9,34,3,0.060652899999695364
8,10,31,6,0.05900840000140306
8,11,23,14,0.057355199998710304
8,12,32,5,0.056745400001091184
8,13,28,9,0.060043200001018704
8,14,29,8,0.05878889999985404
8,15,26,11,0.0635296999989805
8,16,34,3,0.06173730000045907
8,17,26,11,0.061470300001019496
8,18,21,16,0.06395720000000438
8,19,36,1,0.06077329999970971
8,20,24,13,0.05837529999917024
8,21,28,9,0.059568599999693106
8,22,35,2,0.1107811000001675
8,23,27,10,0.06035929999961809
8,24,35,2,0.062273800000184565
8,25,21,16,0.05732390000048326
8,26,28,9,0.056861000000935746
8,27,34,3,0.060013999998773215
8,28,33,4,0.05827030000000377
8,29,23,14,0.060117800001535215
8,30,21,16,0.06097619999854942
8,31,31,6,0.05710040000121808
8,32,29,8,0.06127250000099593
8,33,26,11,0.060526900000695605
8,34,32,5,0.057284600001366925
8,35,22,15,0.05871300000035262
8,36,24,13,0.0590833999995084
8,37,25,12,0.059474400000908645
8,38,26,11,0.057371900000362075
8,39,36,1,0.07003239999903599
8,40,34,3,0.05718920000072103
8,41,30,7,0.05956330000117305
8,42,27,10,0.05986470000061672
8,43,36,1,0.058988400000089314
8,44,26,11,0.05752600000050734
8,45,23,14,0.05691139999908046
8,46,26,11,0.06175640000037674
8,47,23,14,0.058608199999071076
8,48,25,12,0.06050949999917066
8,49,24,13,0.06244989999868267
8,50,27,10,0.06139340000117954
8,51,31,6,0.06117489999996906
8,52,36,1,0.05995679999978165
8,53,28,9,0.05798770000001241
8,54,24,13,0.058850000001257285
8,55,22,15,0.05949789999976929
8,56,29,8,0.061983399999007815
8,57,30,7,0.06195130000014615
8,58,33,4,0.05973040000026231
8,59,22,15,0.05852980000054231
8,60,27,10,0.06020830000124988
8,61,29,8,0.06362989999979618
8,62,30,7,0.06131380000078934
8,63,26,11,0.0591322999989643
8,64,35,2,0.06359309999970719
8,65,23,14,0.06275810000079218
8,66,25,12,0.05861379999987548
8,67,21,16,0.05772570000044652
8,68,30,7,0.05880090000027849
8,69,36,1,0.05852640000011888
8,70,25,12,0.05816340000092168
8,71,29,8,0.05964309999944817
8,72,28,9,0.06260459999975865
8,73,28,9,0.05951730000015232
8,74,22,15,0.062218099999881815
8,75,35,2,0.059769200001028366
8,76,27,10,0.05671939999956521
8,77,26,11,0.05874659999972209
8,78,30,7,0.06144289999974717
8,79,21,16,0.06676250000055006
8,80,26,11,0.06024539999998524
8,81,33,4,0.05675190000147268
8,82,28,9,0.058714800001325784
8,83,27,10,0.059103900000991416
8,84,24,13,0.058097400000406196
8,85,29,8,0.06460530000003928
8,86,35,2,0.06477219999942463
8,87,24,13,0.06292770000072778
8,88,30,7,0.06003880000025674
8,89,31,6,0.05917820000104257
8,90,31,6,0.05830000000059954
8,91,29,8,0.059394200001406716
8,92,21,16,0.05900849999852653
8,93,24,13,0.05574669999987236
8,94,22,15,0.05731999999989057
8,95,30,7,0.05951120000099763
8,96,36,1,0.05880760000036389
8,97,26,11,0.06796039999971981
8,98,23,14,0.060585299999729614
8,99,21,16,0.05951199999981327
9,0,25,12,0.06178819999877305
9,1,26,11,0.058366399998703855
9,2,31,6,0.0612438000007387
9,3,27,10,0.05958430000100634
9,4,31,6,0.06039310000051046
9,5,29,8,0.07505399999899964
9,6,25,12,0.05819020000126329
9,7,31,6,0.059254400001009344
9,8,21,16,0.058192200000121375
9,9,32,5,0.057989099999758764
9,10,30,7,0.05778850000024249
9,11,36,1,0.05619210000077146
9,12,29,8,0.058073300000614836
9,13,24,13,0.0599794000008842
9,14,27,10,0.056346699999267
9,15,25,12,0.057815099999061204
9,16,33,4,0.06416730000091775
9,17,27,10,0.058126500000071246
9,18,34,3,0.05810620000011113
9,19,27,10,0.05674390000058338
9,20,21,16,0.0564725999993243
9,21,31,6,0.06189749999975902
9,22,26,11,0.06052790000103414
9,23,30,7,0.05781870000100753
9,24,29,8,0.05815999999867927
9,25,34,3,0.059283500000674394
9,26,26,11,0.058228399999279645
9,27,21,16,0.05882299999939278
9,28,33,4,0.05999100000008184
9,29,35,2,0.056290000000444707
9,30,22,15,0.058693100001619314
9,31,26,11,0.059680100001060055
9,32,27,10,0.059491399999387795
9,33,27,10,0.05963859999974375
9,34,36,1,0.062310700001035
9,35,34,3,0.06262909999895783
9,36,26,11,0.0595603999990999
9,37,26,11,0.05652120000013383
9,38,27,10,0.058320099999036756
9,39,27,10,0.05673480000041309
9,40,22,15,0.0576005000002624
9,41,27,10,0.05613169999924139
9,42,23,14,0.057558000000426546
9,43,31,6,0.05701980000048934
9,44,36,1,0.05571730000156094
9,45,26,11,0.05719570000110252
9,46,23,14,0.05901620000076946
9,47,27,10,0.05720209999890358
9,48,22,15,0.05900440000004892
9,49,33,4,0.05717209999966144
9,50,35,2,0.05970800000068266
9,51,32,5,0.05669019999913871
9,52,25,12,0.05909330000031332
9,53,22,15,0.06112649999886344
9,54,28,9,0.0607598999995389
9,55,26,11,0.059268900000461144
9,56,30,7,0.05829499999890686
9,57,22,15,0.060609000000113156
9,58,22,15,0.06057449999934761
9,59,26,11,0.0600192000001698
9,60,34,3,0.05656939999971655
9,61,28,9,0.05598260000078881
9,62,24,13,0.057435000000623404
9,63,26,11,0.057379399999263114
9,64,22,15,0.05704609999884269
9,65,22,15,0.05923900000016147
9,66,24,13,0.05794860000059998
9,67,35,2,0.05809489999955986
9,68,27,10,0.05597420000049169
9,69,33,4,0.05763260000094306
9,70,21,16,0.05710419999923033
9,71,28,9,0.058218699999997625
9,72,23,14,0.07071280000127445
9,73,31,6,0.059677400000509806
9,74,21,16,0.05880070000057458
9,75,31,6,0.059745199998360476
9,76,36,1,0.05932779999966442
9,77,28,9,0.0567176999993535
9,78,35,2,0.05780789999880653
9,79,28,9,0.05614849999983562
9,80,26,11,0.055753099999492406
9,81,21,16,0.058085599999685655
9,82,23,14,0.05964760000097158
9,83,33,4,0.055518899998787674
9,84,27,10,0.055968800001210184
9,85,24,13,0.05651200000102108
9,86,25,12,0.058726499999465887
9,87,21,16,0.05806309999934456
9,88,34,3,0.05775969999922381
9,89,26,11,0.057727600000362145
9,90,28,9,0.0598243000004004
9,91,31,6,0.06046539999988454
9,92,31,6,0.05941100000018196
9,93,26,11,0.059670799999366864
9,94,33,4,0.06229890000031446
9,95,27,10,0.05958650000138732
9,96,27,10,0.05815530000108993
9,97,28,9,0.059012399999119225
9,98,36,1,0.05696330000137095
9,99,27,10,0.059767499998997664
10,0,33,4,0.06379070000002685
10,1,34,3,0.059578700000201934
10,2,31,6,0.05954150000070513
10,3,26,11,0.0600629000000481
10,4,32,5,0.05778239999926882
10,5,24,13,0.056244100000185426
10,6,36,1,0.05606869999974151
10,7,23,14,0.05676309999944351
10,8,23,14,0.05933490000097663
10,9,27,10,0.05866050000076939
10,10,32,5,0.061230799999975716
10,11,34,3,0.05710220000037225
10,12,32,5,0.05712140000105137
10,13,23,14,0.0574438999992708
10,14,35,2,0.05748959999982617
10,15,28,9,0.05576670000118611
10,16,25,12,0.05929380000088713
10,17,24,13,0.059321700000509736
10,18,35,2,0.057916499999919324
10,19,30,7,0.05695420000120066
10,20,24,13,0.06059409999943455
10,21,33,4,0.057807400000456255
10,22,22,15,0.06129560000044876
10,23,29,8,0.05752240000038
10,24,21,16,0.05558980000023439
10,25,32,5,0.05755059999864898
10,26,26,11,0.05958480000117561
10,27,23,14,0.05989659999977448
10,28,26,11,0.06062339999880351
10,29,33,4,0.06030230000033043
10,30,31,6,0.06186680000064371
10,31,34,3,0.0738707999989856
10,32,21,16,0.06971220000014
10,33,34,3,0.06331810000119731
10,34,24,13,0.06456670000079612
10,35,30,7,0.06703170000037062
10,36,22,15,0.06324470000072324
10,37,25,12,0.05835809999916819
10,38,31,6,0.05716589999974531
10,39,35,2,0.05834569999933592
10,40,35,2,0.05770479999955569
10,41,33,4,0.05862639999941166
10,42,27,10,0.06833770000048389
10,43,22,15,0.06489669999973557
10,44,36,1,0.056694300001254305
10,45,25,12,0.05754530000012892
10,46,26,11,0.0639260000007198
10,47,33,4,0.09859400000095775
10,48,35,2,0.0838491000013164
10,49,33,4,0.0681934000003821
10,50,33,4,0.05994319999990694
10,51,29,8,0.05596729999888339
10,52,32,5,0.06006900000102178
10,53,27,10,0.060654999999314896
10,54,30,7,0.061477799999920535
10,55,29,8,0.06115479999971285
10,56,31,6,0.060018799998942995
10,57,25,12,0.05893339999965974
10,58,34,3,0.05963820000033593
10,59,22,15,0.0581571000002441
10,60,23,14,0.05671269999947981
10,61,35,2,0.05981950000023062
10,62,32,5,0.059503599999516155
10,63,21,16,0.06259890000001178
10,64,36,1,0.0710345999996207
10,65,26,11,0.060766399999920395
10,66,32,5,0.06003659999987576
10,67,23,14,0.05900579999979527
10,68,36,1,0.05716290000054869
10,69,23,14,0.05981689999862283
10,70,22,15,0.0611298000003444
10,71,29,8,0.05554590000065218
10,72,33,4,0.058506700001089484
10,73,25,12,0.0583742999988317
10,74,32,5,0.05833669999992708
10,75,32,5,0.05819250000058673
10,76,23,14,0.05939020000005257
10,77,27,10,0.05765539999993052
10,78,22,15,0.05892409999978554
10,79,33,4,0.05818069999986619
10,80,33,4,0.05945099999917147
10,81,33,4,0.05818060000092373
10,82,34,3,0.06207259999973758
10,83,21,16,0.06417270000019926
10,84,32,5,0.059041200000137906
10,85,27,10,0.060705600000801496
10,86,21,16,0.06124420000014652
10,87,35,2,0.061170200000560726
10,88,28,9,0.06077019999975164
10,89,28,9,0.05926249999902211
10,90,26,11,0.0575912000003882
10,91,25,12,0.05588019999959215
10,92,36,1,0.05913610000061453
10,93,33,4,0.06937740000103076
10,94,31,6,0.057620999999926426
10,95,34,3,0.059624499999699765
10,96,32,5,0.056034399998679874
10,97,35,2,0.059290400000463706
10,98,26,11,0.059811099999933504
10,99,28,9,0.0618345999992016
11,0,27,10,0.06229130000065197
11,1,24,13,0.06295239999963087
11,2,22,15,0.0650223000011465
11,3,22,15,0.05694290000064939
11,4,30,7,0.05791239999962272
11,5,30,7,0.05910820000099193
11,6,27,10,0.057638199999928474
11,7,22,15,0.06199670000023616
11,8,32,5,0.05729159999827971
11,9,27,10,0.06300170000031358
11,10,32,5,0.055942199998753495
11,11,30,7,0.057577499999752035
11,12,36,1,0.059498500000700005
11,13,25,12,0.0560273999999481
11,14,27,10,0.05565080000087619
11,15,23,14,0.059246799999527866
11,16,34,3,0.05915669999922102
11,17,23,14,0.0560814999989816
11,18,21,16,0.056803100000252016
11,19,28,9,0.061141199999838136
11,20,24,13,0.06501170000046841
11,21,25,12,0.05957689999922877
11,22,27,10,0.05847410000023956
11,23,29,8,0.05663119999917399
11,24,24,13,0.060517500000059954
11,25,30,7,0.061922799999592826
11,26,33,4,0.057062099998802296
11,27,33,4,0.06091990000095393
11,28,23,14,0.05778230000032636
11,29,35,2,0.056445000000167056
11,30,31,6,0.056800700000167126
11,31,22,15,0.05871389999992971
11,32,30,7,0.05521210000006249
11,33,28,9,0.060374200000296696
11,34,36,1,0.05823629999940749
11,35,24,13,0.06079700000009325
11,36,27,10,0.06024240000078862
11,37,36,1,0.059036799999375944
11,38,23,14,0.0639761999991606
11,39,22,15,0.05965929999911168
11,40,28,9,0.05610019999949145
11,41,24,13,0.059682400000383495
11,42,31,6,0.057342800000697025
11,43,32,5,0.05794000000059896
11,44,32,5,0.05709080000087852
11,45,26,11,0.06026639999981853
11,46,33,4,0.056876000000556814
11,47,32,5,0.05674929999986489
11,48,32,5,0.05832870000085677
11,49,23,14,0.055828200000178185
11,50,30,7,0.059491100000741426
11,51,24,13,0.05815789999905974
11,52,30,7,0.05761950000123761
11,53,35,2,0.05805080000027374
11,54,33,4,0.058748299999933806
11,55,27,10,0.05874780000158353
11,56,34,3,0.06210250000003725
11,57,29,8,0.06535900000017136
11,58,33,4,0.059890700000323704
11,59,23,14,0.05860980000034033
11,60,35,2,0.05691790000128094
11,61,28,9,0.05835959999967599
11,62,27,10,0.0578127000007953
11,63,33,4,0.0569327000011981
11,64,33,4,0.05947600000035891
11,65,23,14,0.058117399999900954
11,66,28,9,0.05570099999931699
11,67,30,7,0.06389119999948889
11,68,24,13,0.058484600000156206
11,69,33,4,0.057074500000453554
11,70,26,11,0.05720130000008794
11,71,36,1,0.06410760000107985
11,72,23,14,0.05881040000167559
11,73,26,11,0.05570850000003702
11,74,24,13,0.05970019999949727
11,75,23,14,0.056016900000031455
11,76,23,14,0.06189509999967413
11,77,25,12,0.0557210999995732
11,78,26,11,0.0567628999997396
11,79,29,8,0.0570095000002766
11,80,21,16,0.057282400000985945
11,81,23,14,0.05927970000084315
11,82,29,8,0.05747429999973974
11,83,36,1,0.05836730000009993
11,84,22,15,0.06081359999916458
11,85,25,12,0.061087899999620277
11,86,25,12,0.05909040000005916
11,87,22,15,0.0612169999985781
11,88,34,3,0.0592798000016046
11,89,25,12,0.06011039999975765
11,90,22,15,0.05858850000004168
11,91,26,11,0.05818910000016331
11,92,24,13,0.05809929999850283
11,93,26,11,0.057807799999864073
11,94,28,9,0.060217199999897275
11,95,23,14,0.06239339999956428
11,96,29,8,0.060841200000140816
11,97,24,13,0.058269799999834504
11,98,27,10,0.05722099999911734
11,99,30,7,0.05941979999988689
12,0,24,13,0.058426700001291465
12,1,24,13,0.06094100000154867
12,2,31,6,0.05920189999960712
12,3,36,1,0.06121229999916977
12,4,32,5,0.06181500000093365
12,5,24,13,0.06032690000029106
12,6,21,16,0.058775100000275415
12,7,32,5,0.061199300000225776
12,8,22,15,0.08363459999964107
12,9,27,10,0.06785479999962263
12,10,31,6,0.057134800001222175
12,11,36,1,0.056287899999006186
12,12,24,13,0.05757869999979448
12,13,35,2,0.06206899999961024
12,14,34,3,0.05856070000118052
12,15,23,14,0.05850089999876218
12,16,27,10,0.057198099999368424
12,17,21,16,0.05566170000020065
12,18,30,7,0.05960570000024745
12,19,34,3,0.0637667999999394
12,20,36,1,0.05951220000133617
12,21,36,1,0.06020669999998063
12,22,30,7,0.059556700000030105
12,23,24,13,0.06113960000038787
12,24,36,1,0.05735939999976836
12,25,31,6,0.06923289999940607
12,26,34,3,0.05678250000164553
12,27,33,4,0.058354100001452025
12,28,27,10,0.058598300000085146
12,29,33,4,0.05980309999904421
12,30,26,11,0.0556378000001132
12,31,27,10,0.05950170000141952
12,32,30,7,0.05882159999964642
12,33,36,1,0.057758799999646726
12,34,32,5,0.06002690000059374
12,35,29,8,0.059481700000105775
12,36,24,13,0.058018199999423814
12,37,28,9,0.05583490000026359
12,38,30,7,0.05806510000002163
12,39,22,15,0.058467999999265885
12,40,24,13,0.05984519999947224
12,41,23,14,0.056691900001169415
12,42,31,6,0.0575513999992836
12,43,22,15,0.06185240000013437
12,44,34,3,0.060428000000683824
12,45,23,14,0.060006899999279995
12,46,33,4,0.0592025999994803
12,47,34,3,0.058383100000355626
12,48,23,14,0.057372299999769893
12,49,32,5,0.06054579999909038
12,50,33,4,0.059186500000578235
12,51,25,12,0.06145500000093307
12,52,22,15,0.05927019999944605
12,53,28,9,0.06118609999975888
12,54,26,11,0.05899499999941327
12,55,26,11,0.057976500000222586
12,56,24,13,0.05821089999881224
12,57,24,13,0.05821309999919322
12,58,25,12,0.057139399999869056
12,59,27,10,0.05811429999994289
12,60,25,12,0.06108270000004268
12,61,35,2,0.05819840000003751
12,62,22,15,0.058627399999750196
12,63,35,2,0.05744109999977809
12,64,28,9,0.06045389999962936
12,65,33,4,0.05895249999957741
12,66,27,10,0.05692040000030829
12,67,22,15,0.05724819999886677
12,68,32,5,0.056764900000416674
12,69,25,12,0.06329049999840208
12,70,28,9,0.06025159999990137
12,71,26,11,0.0600006000004214
12,72,29,8,0.05675880000126199
12,73,36,1,0.05736380000053032
12,74,32,5,0.05776780000087456
12,75,28,9,0.05875030000061088
12,76,31,6,0.056808000001183245
12,77,27,10,0.05557600000065577
12,78,27,10,0.05909270000120159
12,79,35,2,0.06056509999871196
12,80,35,2,0.05940360000022338
12,81,25,12,0.0596506000001682
12,82,28,9,0.05715950000012526
12,83,29,8,0.05853249999927357
12,84,36,1,0.0573805000003631
12,85,29,8,0.05693980000069132
12,86,36,1,0.06061839999892982
12,87,25,12,0.061267099999895436
12,88,21,16,0.0770663000002969
12,89,34,3,0.05716729999949166
12,90,30,7,0.05557779999980994
12,91,34,3,0.059900300000663265
12,92,33,4,0.057016699998712284
12,93,26,11,0.06025699999918288
12,94,26,11,0.05724209999971208
12,95,30,7,0.056955500000185566
12,96,23,14,0.05798719999984314
12,97,30,7,0.05687009999928705
12,98,30,7,0.059319800000594114
12,99,26,11,0.05623040000136825
13,0,26,11,0.05653540000093926
13,1,27,10,0.057072199999311124
13,2,30,7,0.0568699999985256
13,3,28,9,0.059077400001115166
13,4,28,9,0.06196009999985108
13,5,27,10,0.058170300000710995
13,6,22,15,0.059316900000339956
13,7,32,5,0.06189579999954731
13,8,30,7,0.059580899998763925
13,9,21,16,0.06040390000089246
13,10,29,8,0.05619680000017979
13,11,24,13,0.05830640000021958
13,12,27,10,0.05605479999940144
13,13,23,14,0.05696199999874807
13,14,33,4,0.05871830000069167
13,15,31,6,0.057926100000258884
13,16,26,11,0.06287370000063675
13,17,33,4,0.05857980000109819
13,18,34,3,0.05539650000173424
13,19,33,4,0.053926499998851796
13,20,25,12,0.06197650000103749
13,21,28,9,0.0591629999998986
13,22,34,3,0.056384400000752066
13,23,31,6,0.057255499999882886
13,24,21,16,0.05658840000069176
13,25,33,4,0.05711359999986598
13,26,26,11,0.06045610000001034
13,27,28,9,0.05691790000128094
13,28,22,15,0.057141999999657855
13,29,23,14,0.05626689999917289
13,30,25,12,0.058395699999891804
13,31,21,16,0.058784699998795986
13,32,31,6,0.05846689999998489
13,33,31,6,0.057511599999998
13,34,31,6,0.05639569999948435
13,35,21,16,0.057705699999132776
13,36,25,12,0.05715029999919352
13,37,31,6,0.059663399999408284
13,38,34,3,0.05956979999973555
13,39,25,12,0.058027500001117005
13,40,33,4,0.05759749999924679
13,41,29,8,0.05788130000109959
13,42,34,3,0.0590492000010272
13,43,23,14,0.05961899999965681
13,44,26,11,0.05860399999983201
13,45,32,5,0.06281209999906423
13,46,27,10,0.05882490000112739
13,47,21,16,0.05734830000073998
13,48,22,15,0.057674100000440376
13,49,23,14,0.06795190000048024
13,50,29,8,0.05901390000144602
13,51,29,8,0.05646019999949203
13,52,21,16,0.059392200000729645
13,53,34,3,0.056975299999976414
13,54,31,6,0.05903010000110953
